Basic,Delux,Total,days_ago,datetime,Year,Month,WorkWeek
2,7,52,999,2017-02-12,2017,02,06
5,5,55,998,2017-02-13,2017,02,07
13,7,107,997,2017-02-14,2017,02,07
8,5,70,996,2017-02-15,2017,02,07
12,7,102,995,2017-02-16,2017,02,07
12,3,78,994,2017-02-17,2017,02,07
13,13,143,993,2017-02-18,2017,02,07
9,11,111,992,2017-02-19,2017,02,07
7,2,47,991,2017-02-20,2017,02,08
11,3,73,990,2017-02-21,2017,02,08
14,8,118,989,2017-02-22,2017,02,08
15,8,123,988,2017-02-23,2017,02,08
9,14,129,987,2017-02-24,2017,02,08
9,9,99,986,2017-02-25,2017,02,08
13,14,149,985,2017-02-26,2017,02,08
9,10,105,984,2017-02-27,2017,02,09
4,13,98,983,2017-02-28,2017,02,09
14,6,106,982,2017-03-01,2017,03,09
13,12,137,981,2017-03-02,2017,03,09
4,1,26,980,2017-03-03,2017,03,09
2,7,52,979,2017-03-04,2017,03,09
15,12,147,978,2017-03-05,2017,03,09
2,6,46,977,2017-03-06,2017,03,10
15,12,147,976,2017-03-07,2017,03,10
2,12,82,975,2017-03-08,2017,03,10
12,9,114,974,2017-03-09,2017,03,10
13,8,113,973,2017-03-10,2017,03,10
6,8,78,972,2017-03-11,2017,03,10
3,12,87,971,2017-03-12,2017,03,10
1,2,17,970,2017-03-13,2017,03,11
6,12,102,969,2017-03-14,2017,03,11
2,5,40,968,2017-03-15,2017,03,11
15,10,135,967,2017-03-16,2017,03,11
4,7,62,966,2017-03-17,2017,03,11
8,8,88,965,2017-03-18,2017,03,11
3,13,93,964,2017-03-19,2017,03,11
6,13,108,963,2017-03-20,2017,03,12
8,1,46,962,2017-03-21,2017,03,12
4,5,50,961,2017-03-22,2017,03,12
10,5,80,960,2017-03-23,2017,03,12
9,12,117,959,2017-03-24,2017,03,12
1,13,83,958,2017-03-25,2017,03,12
3,7,57,957,2017-03-26,2017,03,12
8,12,112,956,2017-03-27,2017,03,13
10,1,56,955,2017-03-28,2017,03,13
9,5,75,954,2017-03-29,2017,03,13
13,9,119,953,2017-03-30,2017,03,13
9,8,93,952,2017-03-31,2017,03,13
11,3,73,951,2017-04-01,2017,04,13
14,5,100,950,2017-04-02,2017,04,13
3,7,57,949,2017-04-03,2017,04,14
2,15,100,948,2017-04-04,2017,04,14
10,6,86,947,2017-04-05,2017,04,14
5,8,73,946,2017-04-06,2017,04,14
11,2,67,945,2017-04-07,2017,04,14
3,7,57,944,2017-04-08,2017,04,14
8,14,124,943,2017-04-09,2017,04,14
12,15,150,942,2017-04-10,2017,04,15
13,4,89,941,2017-04-11,2017,04,15
6,8,78,940,2017-04-12,2017,04,15
11,2,67,939,2017-04-13,2017,04,15
10,12,122,938,2017-04-14,2017,04,15
8,15,130,937,2017-04-15,2017,04,15
3,10,75,936,2017-04-16,2017,04,15
8,5,70,935,2017-04-17,2017,04,16
11,1,61,934,2017-04-18,2017,04,16
9,6,81,933,2017-04-19,2017,04,16
4,11,86,932,2017-04-20,2017,04,16
2,6,46,931,2017-04-21,2017,04,16
14,4,94,930,2017-04-22,2017,04,16
11,15,145,929,2017-04-23,2017,04,16
12,7,102,928,2017-04-24,2017,04,17
6,10,90,927,2017-04-25,2017,04,17
15,2,87,926,2017-04-26,2017,04,17
13,4,89,925,2017-04-27,2017,04,17
10,1,56,924,2017-04-28,2017,04,17
9,10,105,923,2017-04-29,2017,04,17
5,9,79,922,2017-04-30,2017,04,17
14,5,100,921,2017-05-01,2017,05,18
14,14,154,920,2017-05-02,2017,05,18
10,10,110,919,2017-05-03,2017,05,18
13,12,137,918,2017-05-04,2017,05,18
12,4,84,917,2017-05-05,2017,05,18
7,11,101,916,2017-05-06,2017,05,18
10,11,116,915,2017-05-07,2017,05,18
8,14,124,914,2017-05-08,2017,05,19
8,3,58,913,2017-05-09,2017,05,19
12,3,78,912,2017-05-10,2017,05,19
14,6,106,911,2017-05-11,2017,05,19
2,15,100,910,2017-05-12,2017,05,19
3,12,87,909,2017-05-13,2017,05,19
11,10,115,908,2017-05-14,2017,05,19
15,3,93,907,2017-05-15,2017,05,20
10,12,122,906,2017-05-16,2017,05,20
13,7,107,905,2017-05-17,2017,05,20
3,5,45,904,2017-05-18,2017,05,20
1,2,17,903,2017-05-19,2017,05,20
7,6,71,902,2017-05-20,2017,05,20
11,9,109,901,2017-05-21,2017,05,20
12,6,96,900,2017-05-22,2017,05,21
2,2,22,899,2017-05-23,2017,05,21
13,3,83,898,2017-05-24,2017,05,21
8,7,82,897,2017-05-25,2017,05,21
12,3,78,896,2017-05-26,2017,05,21
8,4,64,895,2017-05-27,2017,05,21
5,13,103,894,2017-05-28,2017,05,21
14,14,154,893,2017-05-29,2017,05,22
9,9,99,892,2017-05-30,2017,05,22
15,3,93,891,2017-05-31,2017,05,22
4,6,56,890,2017-06-01,2017,06,22
6,10,90,889,2017-06-02,2017,06,22
11,10,115,888,2017-06-03,2017,06,22
6,10,90,887,2017-06-04,2017,06,22
2,13,88,886,2017-06-05,2017,06,23
12,8,108,885,2017-06-06,2017,06,23
4,10,80,884,2017-06-07,2017,06,23
2,4,34,883,2017-06-08,2017,06,23
3,14,99,882,2017-06-09,2017,06,23
6,14,114,881,2017-06-10,2017,06,23
12,2,72,880,2017-06-11,2017,06,23
9,15,135,879,2017-06-12,2017,06,24
11,1,61,878,2017-06-13,2017,06,24
14,10,130,877,2017-06-14,2017,06,24
10,2,62,876,2017-06-15,2017,06,24
1,12,77,875,2017-06-16,2017,06,24
12,3,78,874,2017-06-17,2017,06,24
2,5,40,873,2017-06-18,2017,06,24
5,10,85,872,2017-06-19,2017,06,25
11,12,127,871,2017-06-20,2017,06,25
5,4,49,870,2017-06-21,2017,06,25
14,8,118,869,2017-06-22,2017,06,25
2,13,88,868,2017-06-23,2017,06,25
14,14,154,867,2017-06-24,2017,06,25
11,4,79,866,2017-06-25,2017,06,25
13,14,149,865,2017-06-26,2017,06,26
14,12,142,864,2017-06-27,2017,06,26
15,2,87,863,2017-06-28,2017,06,26
7,13,113,862,2017-06-29,2017,06,26
2,6,46,861,2017-06-30,2017,06,26
9,2,57,860,2017-07-01,2017,07,26
6,10,90,859,2017-07-02,2017,07,26
9,12,117,858,2017-07-03,2017,07,27
1,14,89,857,2017-07-04,2017,07,27
11,6,91,856,2017-07-05,2017,07,27
6,8,78,855,2017-07-06,2017,07,27
9,14,129,854,2017-07-07,2017,07,27
9,4,69,853,2017-07-08,2017,07,27
8,14,124,852,2017-07-09,2017,07,27
15,1,81,851,2017-07-10,2017,07,28
14,12,142,850,2017-07-11,2017,07,28
13,2,77,849,2017-07-12,2017,07,28
7,2,47,848,2017-07-13,2017,07,28
13,4,89,847,2017-07-14,2017,07,28
6,13,108,846,2017-07-15,2017,07,28
12,15,150,845,2017-07-16,2017,07,28
5,6,61,844,2017-07-17,2017,07,29
15,6,111,843,2017-07-18,2017,07,29
10,14,134,842,2017-07-19,2017,07,29
2,5,40,841,2017-07-20,2017,07,29
14,5,100,840,2017-07-21,2017,07,29
11,11,121,839,2017-07-22,2017,07,29
1,8,53,838,2017-07-23,2017,07,29
12,10,120,837,2017-07-24,2017,07,30
4,15,110,836,2017-07-25,2017,07,30
9,15,135,835,2017-07-26,2017,07,30
14,11,136,834,2017-07-27,2017,07,30
8,3,58,833,2017-07-28,2017,07,30
2,15,100,832,2017-07-29,2017,07,30
4,4,44,831,2017-07-30,2017,07,30
13,7,107,830,2017-07-31,2017,07,31
3,1,21,829,2017-08-01,2017,08,31
15,15,165,828,2017-08-02,2017,08,31
8,6,76,827,2017-08-03,2017,08,31
5,13,103,826,2017-08-04,2017,08,31
15,14,159,825,2017-08-05,2017,08,31
8,10,100,824,2017-08-06,2017,08,31
15,5,105,823,2017-08-07,2017,08,32
9,9,99,822,2017-08-08,2017,08,32
14,2,82,821,2017-08-09,2017,08,32
5,15,115,820,2017-08-10,2017,08,32
15,13,153,819,2017-08-11,2017,08,32
8,8,88,818,2017-08-12,2017,08,32
3,6,51,817,2017-08-13,2017,08,32
9,13,123,816,2017-08-14,2017,08,33
14,9,124,815,2017-08-15,2017,08,33
4,15,110,814,2017-08-16,2017,08,33
15,5,105,813,2017-08-17,2017,08,33
2,9,64,812,2017-08-18,2017,08,33
11,3,73,811,2017-08-19,2017,08,33
8,7,82,810,2017-08-20,2017,08,33
7,2,47,809,2017-08-21,2017,08,34
14,3,88,808,2017-08-22,2017,08,34
6,15,120,807,2017-08-23,2017,08,34
13,8,113,806,2017-08-24,2017,08,34
13,13,143,805,2017-08-25,2017,08,34
8,1,46,804,2017-08-26,2017,08,34
15,15,165,803,2017-08-27,2017,08,34
1,6,41,802,2017-08-28,2017,08,35
13,6,101,801,2017-08-29,2017,08,35
4,8,68,800,2017-08-30,2017,08,35
9,14,129,799,2017-08-31,2017,08,35
9,7,87,798,2017-09-01,2017,09,35
13,6,101,797,2017-09-02,2017,09,35
5,9,79,796,2017-09-03,2017,09,35
13,2,77,795,2017-09-04,2017,09,36
6,8,78,794,2017-09-05,2017,09,36
12,2,72,793,2017-09-06,2017,09,36
11,9,109,792,2017-09-07,2017,09,36
7,13,113,791,2017-09-08,2017,09,36
13,12,137,790,2017-09-09,2017,09,36
1,10,65,789,2017-09-10,2017,09,36
12,3,78,788,2017-09-11,2017,09,37
7,12,107,787,2017-09-12,2017,09,37
14,15,160,786,2017-09-13,2017,09,37
4,1,26,785,2017-09-14,2017,09,37
5,1,31,784,2017-09-15,2017,09,37
2,2,22,783,2017-09-16,2017,09,37
9,6,81,782,2017-09-17,2017,09,37
12,8,108,781,2017-09-18,2017,09,38
3,8,63,780,2017-09-19,2017,09,38
11,8,103,779,2017-09-20,2017,09,38
4,11,86,778,2017-09-21,2017,09,38
11,1,61,777,2017-09-22,2017,09,38
5,1,31,776,2017-09-23,2017,09,38
1,15,95,775,2017-09-24,2017,09,38
4,2,32,774,2017-09-25,2017,09,39
11,6,91,773,2017-09-26,2017,09,39
5,6,61,772,2017-09-27,2017,09,39
15,9,129,771,2017-09-28,2017,09,39
2,5,40,770,2017-09-29,2017,09,39
9,11,111,769,2017-09-30,2017,09,39
15,7,117,768,2017-10-01,2017,10,39
6,5,60,767,2017-10-02,2017,10,40
11,4,79,766,2017-10-03,2017,10,40
7,14,119,765,2017-10-04,2017,10,40
2,11,76,764,2017-10-05,2017,10,40
3,1,21,763,2017-10-06,2017,10,40
6,2,42,762,2017-10-07,2017,10,40
13,1,71,761,2017-10-08,2017,10,40
13,10,125,760,2017-10-09,2017,10,41
2,15,100,759,2017-10-10,2017,10,41
7,2,47,758,2017-10-11,2017,10,41
7,4,59,757,2017-10-12,2017,10,41
15,11,141,756,2017-10-13,2017,10,41
9,8,93,755,2017-10-14,2017,10,41
10,4,74,754,2017-10-15,2017,10,41
10,7,92,753,2017-10-16,2017,10,42
8,7,82,752,2017-10-17,2017,10,42
5,1,31,751,2017-10-18,2017,10,42
13,12,137,750,2017-10-19,2017,10,42
14,8,118,749,2017-10-20,2017,10,42
3,13,93,748,2017-10-21,2017,10,42
3,4,39,747,2017-10-22,2017,10,42
9,2,57,746,2017-10-23,2017,10,43
3,9,69,745,2017-10-24,2017,10,43
4,3,38,744,2017-10-25,2017,10,43
4,4,44,743,2017-10-26,2017,10,43
7,11,101,742,2017-10-27,2017,10,43
9,5,75,741,2017-10-28,2017,10,43
7,1,41,740,2017-10-29,2017,10,43
1,9,59,739,2017-10-30,2017,10,44
4,13,98,738,2017-10-31,2017,10,44
12,10,120,737,2017-11-01,2017,11,44
1,4,29,736,2017-11-02,2017,11,44
5,14,109,735,2017-11-03,2017,11,44
5,13,103,734,2017-11-04,2017,11,44
4,8,68,733,2017-11-05,2017,11,44
12,6,96,732,2017-11-06,2017,11,45
2,12,82,731,2017-11-07,2017,11,45
15,12,147,730,2017-11-08,2017,11,45
12,12,132,729,2017-11-09,2017,11,45
9,2,57,728,2017-11-10,2017,11,45
14,5,100,727,2017-11-11,2017,11,45
3,10,75,726,2017-11-12,2017,11,45
4,5,50,725,2017-11-13,2017,11,46
15,7,117,724,2017-11-14,2017,11,46
4,6,56,723,2017-11-15,2017,11,46
14,7,112,722,2017-11-16,2017,11,46
5,6,61,721,2017-11-17,2017,11,46
15,12,147,720,2017-11-18,2017,11,46
12,8,108,719,2017-11-19,2017,11,46
6,10,90,718,2017-11-20,2017,11,47
3,15,105,717,2017-11-21,2017,11,47
9,1,51,716,2017-11-22,2017,11,47
11,12,127,715,2017-11-23,2017,11,47
13,4,89,714,2017-11-24,2017,11,47
7,3,53,713,2017-11-25,2017,11,47
8,1,46,712,2017-11-26,2017,11,47
3,11,81,711,2017-11-27,2017,11,48
11,15,145,710,2017-11-28,2017,11,48
5,4,49,709,2017-11-29,2017,11,48
8,8,88,708,2017-11-30,2017,11,48
15,2,87,707,2017-12-01,2017,12,48
7,1,41,706,2017-12-02,2017,12,48
7,11,101,705,2017-12-03,2017,12,48
11,15,145,704,2017-12-04,2017,12,49
14,8,118,703,2017-12-05,2017,12,49
9,12,117,702,2017-12-06,2017,12,49
5,12,97,701,2017-12-07,2017,12,49
13,1,71,700,2017-12-08,2017,12,49
12,13,138,699,2017-12-09,2017,12,49
5,6,61,698,2017-12-10,2017,12,49
13,10,125,697,2017-12-11,2017,12,50
9,11,111,696,2017-12-12,2017,12,50
7,8,83,695,2017-12-13,2017,12,50
11,7,97,694,2017-12-14,2017,12,50
1,12,77,693,2017-12-15,2017,12,50
7,2,47,692,2017-12-16,2017,12,50
7,10,95,691,2017-12-17,2017,12,50
12,12,132,690,2017-12-18,2017,12,51
1,10,65,689,2017-12-19,2017,12,51
12,10,120,688,2017-12-20,2017,12,51
2,7,52,687,2017-12-21,2017,12,51
13,12,137,686,2017-12-22,2017,12,51
12,6,96,685,2017-12-23,2017,12,51
2,14,94,684,2017-12-24,2017,12,51
13,7,107,683,2017-12-25,2017,12,52
6,4,54,682,2017-12-26,2017,12,52
14,15,160,681,2017-12-27,2017,12,52
2,10,70,680,2017-12-28,2017,12,52
15,2,87,679,2017-12-29,2017,12,52
13,7,107,678,2017-12-30,2017,12,52
5,12,97,677,2017-12-31,2017,12,52
9,7,87,676,2018-01-01,2018,01,01
7,1,41,675,2018-01-02,2018,01,01
5,15,115,674,2018-01-03,2018,01,01
5,11,91,673,2018-01-04,2018,01,01
4,7,62,672,2018-01-05,2018,01,01
11,5,85,671,2018-01-06,2018,01,01
9,2,57,670,2018-01-07,2018,01,01
15,1,81,669,2018-01-08,2018,01,02
5,13,103,668,2018-01-09,2018,01,02
2,8,58,667,2018-01-10,2018,01,02
9,7,87,666,2018-01-11,2018,01,02
2,14,94,665,2018-01-12,2018,01,02
1,2,17,664,2018-01-13,2018,01,02
4,1,26,663,2018-01-14,2018,01,02
12,11,126,662,2018-01-15,2018,01,03
5,15,115,661,2018-01-16,2018,01,03
6,11,96,660,2018-01-17,2018,01,03
5,9,79,659,2018-01-18,2018,01,03
11,15,145,658,2018-01-19,2018,01,03
12,9,114,657,2018-01-20,2018,01,03
4,2,32,656,2018-01-21,2018,01,03
6,13,108,655,2018-01-22,2018,01,04
9,13,123,654,2018-01-23,2018,01,04
9,7,87,653,2018-01-24,2018,01,04
12,5,90,652,2018-01-25,2018,01,04
1,6,41,651,2018-01-26,2018,01,04
2,7,52,650,2018-01-27,2018,01,04
15,15,165,649,2018-01-28,2018,01,04
10,15,140,648,2018-01-29,2018,01,05
7,3,53,647,2018-01-30,2018,01,05
14,12,142,646,2018-01-31,2018,01,05
10,3,68,645,2018-02-01,2018,02,05
4,9,74,644,2018-02-02,2018,02,05
8,10,100,643,2018-02-03,2018,02,05
13,15,155,642,2018-02-04,2018,02,05
7,1,41,641,2018-02-05,2018,02,06
2,1,16,640,2018-02-06,2018,02,06
7,7,77,639,2018-02-07,2018,02,06
14,3,88,638,2018-02-08,2018,02,06
11,2,67,637,2018-02-09,2018,02,06
9,10,105,636,2018-02-10,2018,02,06
6,2,42,635,2018-02-11,2018,02,06
4,9,74,634,2018-02-12,2018,02,07
11,6,91,633,2018-02-13,2018,02,07
11,9,109,632,2018-02-14,2018,02,07
4,15,110,631,2018-02-15,2018,02,07
7,12,107,630,2018-02-16,2018,02,07
12,12,132,629,2018-02-17,2018,02,07
4,12,92,628,2018-02-18,2018,02,07
9,6,81,627,2018-02-19,2018,02,08
13,1,71,626,2018-02-20,2018,02,08
14,6,106,625,2018-02-21,2018,02,08
10,13,128,624,2018-02-22,2018,02,08
1,5,35,623,2018-02-23,2018,02,08
14,7,112,622,2018-02-24,2018,02,08
15,10,135,621,2018-02-25,2018,02,08
3,7,57,620,2018-02-26,2018,02,09
9,1,51,619,2018-02-27,2018,02,09
14,2,82,618,2018-02-28,2018,02,09
2,1,16,617,2018-03-01,2018,03,09
5,9,79,616,2018-03-02,2018,03,09
1,11,71,615,2018-03-03,2018,03,09
14,8,118,614,2018-03-04,2018,03,09
6,11,96,613,2018-03-05,2018,03,10
6,13,108,612,2018-03-06,2018,03,10
9,14,129,611,2018-03-07,2018,03,10
4,8,68,610,2018-03-08,2018,03,10
9,6,81,609,2018-03-09,2018,03,10
11,11,121,608,2018-03-10,2018,03,10
6,14,114,607,2018-03-11,2018,03,10
9,9,99,606,2018-03-12,2018,03,11
6,5,60,605,2018-03-13,2018,03,11
8,8,88,604,2018-03-14,2018,03,11
14,9,124,603,2018-03-15,2018,03,11
11,7,97,602,2018-03-16,2018,03,11
4,10,80,601,2018-03-17,2018,03,11
8,11,106,600,2018-03-18,2018,03,11
14,13,148,599,2018-03-19,2018,03,12
6,12,102,598,2018-03-20,2018,03,12
15,15,165,597,2018-03-21,2018,03,12
9,10,105,596,2018-03-22,2018,03,12
7,1,41,595,2018-03-23,2018,03,12
13,9,119,594,2018-03-24,2018,03,12
2,14,94,593,2018-03-25,2018,03,12
6,12,102,592,2018-03-26,2018,03,13
13,2,77,591,2018-03-27,2018,03,13
10,14,134,590,2018-03-28,2018,03,13
15,11,141,589,2018-03-29,2018,03,13
13,11,131,588,2018-03-30,2018,03,13
9,14,129,587,2018-03-31,2018,03,13
11,1,61,586,2018-04-01,2018,04,13
8,10,100,585,2018-04-02,2018,04,14
6,11,96,584,2018-04-03,2018,04,14
3,5,45,583,2018-04-04,2018,04,14
8,11,106,582,2018-04-05,2018,04,14
14,2,82,581,2018-04-06,2018,04,14
7,14,119,580,2018-04-07,2018,04,14
10,15,140,579,2018-04-08,2018,04,14
9,14,129,578,2018-04-09,2018,04,15
14,10,130,577,2018-04-10,2018,04,15
3,10,75,576,2018-04-11,2018,04,15
4,12,92,575,2018-04-12,2018,04,15
13,9,119,574,2018-04-13,2018,04,15
1,1,11,573,2018-04-14,2018,04,15
6,3,48,572,2018-04-15,2018,04,15
1,15,95,571,2018-04-16,2018,04,16
9,12,117,570,2018-04-17,2018,04,16
7,6,71,569,2018-04-18,2018,04,16
3,9,69,568,2018-04-19,2018,04,16
13,1,71,567,2018-04-20,2018,04,16
15,11,141,566,2018-04-21,2018,04,16
5,6,61,565,2018-04-22,2018,04,16
14,3,88,564,2018-04-23,2018,04,17
3,10,75,563,2018-04-24,2018,04,17
5,11,91,562,2018-04-25,2018,04,17
1,11,71,561,2018-04-26,2018,04,17
12,8,108,560,2018-04-27,2018,04,17
12,12,132,559,2018-04-28,2018,04,17
7,7,77,558,2018-04-29,2018,04,17
7,1,41,557,2018-04-30,2018,04,18
3,1,21,556,2018-05-01,2018,05,18
13,9,119,555,2018-05-02,2018,05,18
14,8,118,554,2018-05-03,2018,05,18
7,3,53,553,2018-05-04,2018,05,18
10,1,56,552,2018-05-05,2018,05,18
13,5,95,551,2018-05-06,2018,05,18
13,1,71,550,2018-05-07,2018,05,19
11,14,139,549,2018-05-08,2018,05,19
5,3,43,548,2018-05-09,2018,05,19
10,15,140,547,2018-05-10,2018,05,19
14,12,142,546,2018-05-11,2018,05,19
8,8,88,545,2018-05-12,2018,05,19
6,6,66,544,2018-05-13,2018,05,19
2,12,82,543,2018-05-14,2018,05,20
6,13,108,542,2018-05-15,2018,05,20
3,6,51,541,2018-05-16,2018,05,20
6,3,48,540,2018-05-17,2018,05,20
13,10,125,539,2018-05-18,2018,05,20
11,3,73,538,2018-05-19,2018,05,20
5,15,115,537,2018-05-20,2018,05,20
2,15,100,536,2018-05-21,2018,05,21
3,7,57,535,2018-05-22,2018,05,21
10,11,116,534,2018-05-23,2018,05,21
5,14,109,533,2018-05-24,2018,05,21
14,4,94,532,2018-05-25,2018,05,21
7,2,47,531,2018-05-26,2018,05,21
10,9,104,530,2018-05-27,2018,05,21
12,14,144,529,2018-05-28,2018,05,22
10,11,116,528,2018-05-29,2018,05,22
13,13,143,527,2018-05-30,2018,05,22
4,10,80,526,2018-05-31,2018,05,22
11,5,85,525,2018-06-01,2018,06,22
6,13,108,524,2018-06-02,2018,06,22
10,9,104,523,2018-06-03,2018,06,22
7,7,77,522,2018-06-04,2018,06,23
15,8,123,521,2018-06-05,2018,06,23
3,7,57,520,2018-06-06,2018,06,23
12,9,114,519,2018-06-07,2018,06,23
9,1,51,518,2018-06-08,2018,06,23
7,14,119,517,2018-06-09,2018,06,23
10,9,104,516,2018-06-10,2018,06,23
15,15,165,515,2018-06-11,2018,06,24
8,8,88,514,2018-06-12,2018,06,24
15,15,165,513,2018-06-13,2018,06,24
13,3,83,512,2018-06-14,2018,06,24
6,8,78,511,2018-06-15,2018,06,24
2,1,16,510,2018-06-16,2018,06,24
3,11,81,509,2018-06-17,2018,06,24
10,12,122,508,2018-06-18,2018,06,25
2,1,16,507,2018-06-19,2018,06,25
2,9,64,506,2018-06-20,2018,06,25
14,5,100,505,2018-06-21,2018,06,25
7,4,59,504,2018-06-22,2018,06,25
7,7,77,503,2018-06-23,2018,06,25
6,3,48,502,2018-06-24,2018,06,25
10,15,140,501,2018-06-25,2018,06,26
7,2,47,500,2018-06-26,2018,06,26
10,8,98,499,2018-06-27,2018,06,26
9,7,87,498,2018-06-28,2018,06,26
12,1,66,497,2018-06-29,2018,06,26
12,12,132,496,2018-06-30,2018,06,26
9,13,123,495,2018-07-01,2018,07,26
13,15,155,494,2018-07-02,2018,07,27
7,9,89,493,2018-07-03,2018,07,27
8,8,88,492,2018-07-04,2018,07,27
2,8,58,491,2018-07-05,2018,07,27
8,11,106,490,2018-07-06,2018,07,27
2,11,76,489,2018-07-07,2018,07,27
14,4,94,488,2018-07-08,2018,07,27
11,13,133,487,2018-07-09,2018,07,28
4,9,74,486,2018-07-10,2018,07,28
5,7,67,485,2018-07-11,2018,07,28
8,15,130,484,2018-07-12,2018,07,28
4,6,56,483,2018-07-13,2018,07,28
13,7,107,482,2018-07-14,2018,07,28
10,8,98,481,2018-07-15,2018,07,28
12,3,78,480,2018-07-16,2018,07,29
9,5,75,479,2018-07-17,2018,07,29
6,12,102,478,2018-07-18,2018,07,29
3,10,75,477,2018-07-19,2018,07,29
11,12,127,476,2018-07-20,2018,07,29
11,2,67,475,2018-07-21,2018,07,29
2,12,82,474,2018-07-22,2018,07,29
15,8,123,473,2018-07-23,2018,07,30
8,1,46,472,2018-07-24,2018,07,30
3,12,87,471,2018-07-25,2018,07,30
5,4,49,470,2018-07-26,2018,07,30
2,10,70,469,2018-07-27,2018,07,30
10,4,74,468,2018-07-28,2018,07,30
2,8,58,467,2018-07-29,2018,07,30
1,11,71,466,2018-07-30,2018,07,31
3,3,33,465,2018-07-31,2018,07,31
1,13,83,464,2018-08-01,2018,08,31
1,3,23,463,2018-08-02,2018,08,31
15,14,159,462,2018-08-03,2018,08,31
11,8,103,461,2018-08-04,2018,08,31
12,12,132,460,2018-08-05,2018,08,31
5,13,103,459,2018-08-06,2018,08,32
4,13,98,458,2018-08-07,2018,08,32
13,3,83,457,2018-08-08,2018,08,32
10,15,140,456,2018-08-09,2018,08,32
12,14,144,455,2018-08-10,2018,08,32
9,6,81,454,2018-08-11,2018,08,32
5,15,115,453,2018-08-12,2018,08,32
6,7,72,452,2018-08-13,2018,08,33
12,13,138,451,2018-08-14,2018,08,33
4,13,98,450,2018-08-15,2018,08,33
5,7,67,449,2018-08-16,2018,08,33
4,10,80,448,2018-08-17,2018,08,33
6,9,84,447,2018-08-18,2018,08,33
10,15,140,446,2018-08-19,2018,08,33
15,6,111,445,2018-08-20,2018,08,34
3,14,99,444,2018-08-21,2018,08,34
8,12,112,443,2018-08-22,2018,08,34
15,13,153,442,2018-08-23,2018,08,34
8,15,130,441,2018-08-24,2018,08,34
8,13,118,440,2018-08-25,2018,08,34
12,5,90,439,2018-08-26,2018,08,34
15,2,87,438,2018-08-27,2018,08,35
11,6,91,437,2018-08-28,2018,08,35
2,10,70,436,2018-08-29,2018,08,35
15,1,81,435,2018-08-30,2018,08,35
14,4,94,434,2018-08-31,2018,08,35
6,15,120,433,2018-09-01,2018,09,35
4,2,32,432,2018-09-02,2018,09,35
12,7,102,431,2018-09-03,2018,09,36
2,2,22,430,2018-09-04,2018,09,36
13,2,77,429,2018-09-05,2018,09,36
8,15,130,428,2018-09-06,2018,09,36
3,3,33,427,2018-09-07,2018,09,36
2,5,40,426,2018-09-08,2018,09,36
3,11,81,425,2018-09-09,2018,09,36
14,9,124,424,2018-09-10,2018,09,37
11,5,85,423,2018-09-11,2018,09,37
14,12,142,422,2018-09-12,2018,09,37
6,10,90,421,2018-09-13,2018,09,37
14,8,118,420,2018-09-14,2018,09,37
9,4,69,419,2018-09-15,2018,09,37
3,2,27,418,2018-09-16,2018,09,37
7,12,107,417,2018-09-17,2018,09,38
12,7,102,416,2018-09-18,2018,09,38
7,4,59,415,2018-09-19,2018,09,38
12,15,150,414,2018-09-20,2018,09,38
7,2,47,413,2018-09-21,2018,09,38
10,5,80,412,2018-09-22,2018,09,38
9,12,117,411,2018-09-23,2018,09,38
2,14,94,410,2018-09-24,2018,09,39
6,4,54,409,2018-09-25,2018,09,39
8,11,106,408,2018-09-26,2018,09,39
6,9,84,407,2018-09-27,2018,09,39
10,9,104,406,2018-09-28,2018,09,39
12,13,138,405,2018-09-29,2018,09,39
5,3,43,404,2018-09-30,2018,09,39
15,7,117,403,2018-10-01,2018,10,40
7,13,113,402,2018-10-02,2018,10,40
6,11,96,401,2018-10-03,2018,10,40
15,6,111,400,2018-10-04,2018,10,40
12,1,66,399,2018-10-05,2018,10,40
9,5,75,398,2018-10-06,2018,10,40
14,13,148,397,2018-10-07,2018,10,40
12,4,84,396,2018-10-08,2018,10,41
6,9,84,395,2018-10-09,2018,10,41
10,2,62,394,2018-10-10,2018,10,41
12,3,78,393,2018-10-11,2018,10,41
11,8,103,392,2018-10-12,2018,10,41
8,5,70,391,2018-10-13,2018,10,41
9,1,51,390,2018-10-14,2018,10,41
6,2,42,389,2018-10-15,2018,10,42
14,12,142,388,2018-10-16,2018,10,42
11,13,133,387,2018-10-17,2018,10,42
10,14,134,386,2018-10-18,2018,10,42
2,3,28,385,2018-10-19,2018,10,42
5,10,85,384,2018-10-20,2018,10,42
4,7,62,383,2018-10-21,2018,10,42
2,4,34,382,2018-10-22,2018,10,43
13,3,83,381,2018-10-23,2018,10,43
6,2,42,380,2018-10-24,2018,10,43
6,4,54,379,2018-10-25,2018,10,43
6,2,42,378,2018-10-26,2018,10,43
5,9,79,377,2018-10-27,2018,10,43
11,14,139,376,2018-10-28,2018,10,43
6,8,78,375,2018-10-29,2018,10,44
12,8,108,374,2018-10-30,2018,10,44
4,10,80,373,2018-10-31,2018,10,44
7,13,113,372,2018-11-01,2018,11,44
3,2,27,371,2018-11-02,2018,11,44
7,6,71,370,2018-11-03,2018,11,44
14,8,118,369,2018-11-04,2018,11,44
14,7,112,368,2018-11-05,2018,11,45
4,11,86,367,2018-11-06,2018,11,45
12,4,84,366,2018-11-07,2018,11,45
12,2,72,365,2018-11-08,2018,11,45
13,7,107,364,2018-11-09,2018,11,45
3,15,105,363,2018-11-10,2018,11,45
1,4,29,362,2018-11-11,2018,11,45
5,2,37,361,2018-11-12,2018,11,46
10,4,74,360,2018-11-13,2018,11,46
14,8,118,359,2018-11-14,2018,11,46
6,9,84,358,2018-11-15,2018,11,46
2,10,70,357,2018-11-16,2018,11,46
4,5,50,356,2018-11-17,2018,11,46
13,9,119,355,2018-11-18,2018,11,46
9,7,87,354,2018-11-19,2018,11,47
5,15,115,353,2018-11-20,2018,11,47
7,15,125,352,2018-11-21,2018,11,47
5,13,103,351,2018-11-22,2018,11,47
13,10,125,350,2018-11-23,2018,11,47
13,7,107,349,2018-11-24,2018,11,47
4,1,26,348,2018-11-25,2018,11,47
11,3,73,347,2018-11-26,2018,11,48
7,6,71,346,2018-11-27,2018,11,48
7,13,113,345,2018-11-28,2018,11,48
15,7,117,344,2018-11-29,2018,11,48
13,11,131,343,2018-11-30,2018,11,48
2,7,52,342,2018-12-01,2018,12,48
6,3,48,341,2018-12-02,2018,12,48
4,2,32,340,2018-12-03,2018,12,49
9,10,105,339,2018-12-04,2018,12,49
10,2,62,338,2018-12-05,2018,12,49
2,6,46,337,2018-12-06,2018,12,49
7,8,83,336,2018-12-07,2018,12,49
8,8,88,335,2018-12-08,2018,12,49
3,2,27,334,2018-12-09,2018,12,49
4,11,86,333,2018-12-10,2018,12,50
7,12,107,332,2018-12-11,2018,12,50
9,12,117,331,2018-12-12,2018,12,50
14,9,124,330,2018-12-13,2018,12,50
5,15,115,329,2018-12-14,2018,12,50
13,7,107,328,2018-12-15,2018,12,50
10,9,104,327,2018-12-16,2018,12,50
7,8,83,326,2018-12-17,2018,12,51
1,9,59,325,2018-12-18,2018,12,51
13,6,101,324,2018-12-19,2018,12,51
9,2,57,323,2018-12-20,2018,12,51
8,1,46,322,2018-12-21,2018,12,51
14,3,88,321,2018-12-22,2018,12,51
4,11,86,320,2018-12-23,2018,12,51
1,13,83,319,2018-12-24,2018,12,52
15,8,123,318,2018-12-25,2018,12,52
10,9,104,317,2018-12-26,2018,12,52
4,3,38,316,2018-12-27,2018,12,52
4,5,50,315,2018-12-28,2018,12,52
9,13,123,314,2018-12-29,2018,12,52
15,9,129,313,2018-12-30,2018,12,52
13,8,113,312,2018-12-31,2018,12,01
15,2,87,311,2019-01-01,2019,01,01
15,12,147,310,2019-01-02,2019,01,01
11,5,85,309,2019-01-03,2019,01,01
3,8,63,308,2019-01-04,2019,01,01
10,10,110,307,2019-01-05,2019,01,01
3,12,87,306,2019-01-06,2019,01,01
14,12,142,305,2019-01-07,2019,01,02
3,11,81,304,2019-01-08,2019,01,02
14,14,154,303,2019-01-09,2019,01,02
6,3,48,302,2019-01-10,2019,01,02
9,10,105,301,2019-01-11,2019,01,02
1,14,89,300,2019-01-12,2019,01,02
15,4,99,299,2019-01-13,2019,01,02
11,3,73,298,2019-01-14,2019,01,03
12,3,78,297,2019-01-15,2019,01,03
8,12,112,296,2019-01-16,2019,01,03
4,9,74,295,2019-01-17,2019,01,03
8,13,118,294,2019-01-18,2019,01,03
1,13,83,293,2019-01-19,2019,01,03
3,6,51,292,2019-01-20,2019,01,03
14,1,76,291,2019-01-21,2019,01,04
14,6,106,290,2019-01-22,2019,01,04
13,1,71,289,2019-01-23,2019,01,04
3,5,45,288,2019-01-24,2019,01,04
5,15,115,287,2019-01-25,2019,01,04
10,14,134,286,2019-01-26,2019,01,04
10,6,86,285,2019-01-27,2019,01,04
4,12,92,284,2019-01-28,2019,01,05
9,1,51,283,2019-01-29,2019,01,05
15,4,99,282,2019-01-30,2019,01,05
2,12,82,281,2019-01-31,2019,01,05
14,1,76,280,2019-02-01,2019,02,05
13,14,149,279,2019-02-02,2019,02,05
2,13,88,278,2019-02-03,2019,02,05
11,7,97,277,2019-02-04,2019,02,06
9,2,57,276,2019-02-05,2019,02,06
2,5,40,275,2019-02-06,2019,02,06
9,1,51,274,2019-02-07,2019,02,06
5,6,61,273,2019-02-08,2019,02,06
5,7,67,272,2019-02-09,2019,02,06
3,2,27,271,2019-02-10,2019,02,06
2,1,16,270,2019-02-11,2019,02,07
7,10,95,269,2019-02-12,2019,02,07
5,12,97,268,2019-02-13,2019,02,07
5,8,73,267,2019-02-14,2019,02,07
11,14,139,266,2019-02-15,2019,02,07
13,3,83,265,2019-02-16,2019,02,07
7,15,125,264,2019-02-17,2019,02,07
6,3,48,263,2019-02-18,2019,02,08
1,8,53,262,2019-02-19,2019,02,08
1,4,29,261,2019-02-20,2019,02,08
2,9,64,260,2019-02-21,2019,02,08
7,13,113,259,2019-02-22,2019,02,08
13,8,113,258,2019-02-23,2019,02,08
6,14,114,257,2019-02-24,2019,02,08
4,1,26,256,2019-02-25,2019,02,09
13,12,137,255,2019-02-26,2019,02,09
10,10,110,254,2019-02-27,2019,02,09
1,14,89,253,2019-02-28,2019,02,09
15,13,153,252,2019-03-01,2019,03,09
15,8,123,251,2019-03-02,2019,03,09
8,13,118,250,2019-03-03,2019,03,09
12,4,84,249,2019-03-04,2019,03,10
14,1,76,248,2019-03-05,2019,03,10
12,1,66,247,2019-03-06,2019,03,10
1,4,29,246,2019-03-07,2019,03,10
13,2,77,245,2019-03-08,2019,03,10
13,13,143,244,2019-03-09,2019,03,10
9,9,99,243,2019-03-10,2019,03,10
5,8,73,242,2019-03-11,2019,03,11
10,6,86,241,2019-03-12,2019,03,11
13,8,113,240,2019-03-13,2019,03,11
7,10,95,239,2019-03-14,2019,03,11
15,13,153,238,2019-03-15,2019,03,11
2,14,94,237,2019-03-16,2019,03,11
5,7,67,236,2019-03-17,2019,03,11
7,8,83,235,2019-03-18,2019,03,12
7,9,89,234,2019-03-19,2019,03,12
9,8,93,233,2019-03-20,2019,03,12
1,3,23,232,2019-03-21,2019,03,12
12,6,96,231,2019-03-22,2019,03,12
6,3,48,230,2019-03-23,2019,03,12
4,12,92,229,2019-03-24,2019,03,12
8,6,76,228,2019-03-25,2019,03,13
13,6,101,227,2019-03-26,2019,03,13
13,14,149,226,2019-03-27,2019,03,13
15,14,159,225,2019-03-28,2019,03,13
10,15,140,224,2019-03-29,2019,03,13
1,3,23,223,2019-03-30,2019,03,13
2,12,82,222,2019-03-31,2019,03,13
7,13,113,221,2019-04-01,2019,04,14
10,11,116,220,2019-04-02,2019,04,14
13,7,107,219,2019-04-03,2019,04,14
9,12,117,218,2019-04-04,2019,04,14
6,11,96,217,2019-04-05,2019,04,14
2,8,58,216,2019-04-06,2019,04,14
10,4,74,215,2019-04-07,2019,04,14
4,13,98,214,2019-04-08,2019,04,15
8,6,76,213,2019-04-09,2019,04,15
1,15,95,212,2019-04-10,2019,04,15
6,11,96,211,2019-04-11,2019,04,15
10,9,104,210,2019-04-12,2019,04,15
12,14,144,209,2019-04-13,2019,04,15
3,6,51,208,2019-04-14,2019,04,15
14,15,160,207,2019-04-15,2019,04,16
1,9,59,206,2019-04-16,2019,04,16
14,6,106,205,2019-04-17,2019,04,16
5,9,79,204,2019-04-18,2019,04,16
7,4,59,203,2019-04-19,2019,04,16
14,9,124,202,2019-04-20,2019,04,16
12,1,66,201,2019-04-21,2019,04,16
2,8,58,200,2019-04-22,2019,04,17
12,7,102,199,2019-04-23,2019,04,17
15,15,165,198,2019-04-24,2019,04,17
5,8,73,197,2019-04-25,2019,04,17
11,1,61,196,2019-04-26,2019,04,17
2,13,88,195,2019-04-27,2019,04,17
12,11,126,194,2019-04-28,2019,04,17
14,9,124,193,2019-04-29,2019,04,18
1,6,41,192,2019-04-30,2019,04,18
12,13,138,191,2019-05-01,2019,05,18
6,14,114,190,2019-05-02,2019,05,18
11,9,109,189,2019-05-03,2019,05,18
10,6,86,188,2019-05-04,2019,05,18
1,13,83,187,2019-05-05,2019,05,18
10,6,86,186,2019-05-06,2019,05,19
13,15,155,185,2019-05-07,2019,05,19
13,3,83,184,2019-05-08,2019,05,19
3,9,69,183,2019-05-09,2019,05,19
8,6,76,182,2019-05-10,2019,05,19
14,4,94,181,2019-05-11,2019,05,19
4,3,38,180,2019-05-12,2019,05,19
3,8,63,179,2019-05-13,2019,05,20
4,8,68,178,2019-05-14,2019,05,20
9,1,51,177,2019-05-15,2019,05,20
9,8,93,176,2019-05-16,2019,05,20
11,1,61,175,2019-05-17,2019,05,20
12,2,72,174,2019-05-18,2019,05,20
4,4,44,173,2019-05-19,2019,05,20
5,9,79,172,2019-05-20,2019,05,21
2,11,76,171,2019-05-21,2019,05,21
11,5,85,170,2019-05-22,2019,05,21
13,10,125,169,2019-05-23,2019,05,21
11,12,127,168,2019-05-24,2019,05,21
4,13,98,167,2019-05-25,2019,05,21
12,15,150,166,2019-05-26,2019,05,21
10,8,98,165,2019-05-27,2019,05,22
13,8,113,164,2019-05-28,2019,05,22
10,1,56,163,2019-05-29,2019,05,22
7,11,101,162,2019-05-30,2019,05,22
4,13,98,161,2019-05-31,2019,05,22
4,7,62,160,2019-06-01,2019,06,22
6,1,36,159,2019-06-02,2019,06,22
9,4,69,158,2019-06-03,2019,06,23
6,8,78,157,2019-06-04,2019,06,23
6,3,48,156,2019-06-05,2019,06,23
5,6,61,155,2019-06-06,2019,06,23
8,2,52,154,2019-06-07,2019,06,23
2,9,64,153,2019-06-08,2019,06,23
11,2,67,152,2019-06-09,2019,06,23
7,3,53,151,2019-06-10,2019,06,24
7,8,83,150,2019-06-11,2019,06,24
5,4,49,149,2019-06-12,2019,06,24
9,2,57,148,2019-06-13,2019,06,24
12,5,90,147,2019-06-14,2019,06,24
2,2,22,146,2019-06-15,2019,06,24
15,2,87,145,2019-06-16,2019,06,24
5,7,67,144,2019-06-17,2019,06,25
3,3,33,143,2019-06-18,2019,06,25
6,13,108,142,2019-06-19,2019,06,25
6,6,66,141,2019-06-20,2019,06,25
14,6,106,140,2019-06-21,2019,06,25
10,10,110,139,2019-06-22,2019,06,25
12,7,102,138,2019-06-23,2019,06,25
3,7,57,137,2019-06-24,2019,06,26
8,4,64,136,2019-06-25,2019,06,26
2,1,16,135,2019-06-26,2019,06,26
6,6,66,134,2019-06-27,2019,06,26
5,12,97,133,2019-06-28,2019,06,26
11,12,127,132,2019-06-29,2019,06,26
6,11,96,131,2019-06-30,2019,06,26
6,1,36,130,2019-07-01,2019,07,27
4,10,80,129,2019-07-02,2019,07,27
8,14,124,128,2019-07-03,2019,07,27
13,3,83,127,2019-07-04,2019,07,27
5,14,109,126,2019-07-05,2019,07,27
15,14,159,125,2019-07-06,2019,07,27
3,1,21,124,2019-07-07,2019,07,27
2,11,76,123,2019-07-08,2019,07,28
13,3,83,122,2019-07-09,2019,07,28
1,1,11,121,2019-07-10,2019,07,28
15,13,153,120,2019-07-11,2019,07,28
7,15,125,119,2019-07-12,2019,07,28
5,1,31,118,2019-07-13,2019,07,28
14,15,160,117,2019-07-14,2019,07,28
11,2,67,116,2019-07-15,2019,07,29
15,11,141,115,2019-07-16,2019,07,29
2,11,76,114,2019-07-17,2019,07,29
6,1,36,113,2019-07-18,2019,07,29
1,9,59,112,2019-07-19,2019,07,29
9,7,87,111,2019-07-20,2019,07,29
3,13,93,110,2019-07-21,2019,07,29
10,13,128,109,2019-07-22,2019,07,30
15,14,159,108,2019-07-23,2019,07,30
7,13,113,107,2019-07-24,2019,07,30
10,13,128,106,2019-07-25,2019,07,30
12,7,102,105,2019-07-26,2019,07,30
4,12,92,104,2019-07-27,2019,07,30
9,3,63,103,2019-07-28,2019,07,30
14,8,118,102,2019-07-29,2019,07,31
5,7,67,101,2019-07-30,2019,07,31
8,11,106,100,2019-07-31,2019,07,31
14,14,154,99,2019-08-01,2019,08,31
1,3,23,98,2019-08-02,2019,08,31
7,2,47,97,2019-08-03,2019,08,31
6,10,90,96,2019-08-04,2019,08,31
11,6,91,95,2019-08-05,2019,08,32
2,14,94,94,2019-08-06,2019,08,32
11,12,127,93,2019-08-07,2019,08,32
3,5,45,92,2019-08-08,2019,08,32
13,2,77,91,2019-08-09,2019,08,32
12,11,126,90,2019-08-10,2019,08,32
13,14,149,89,2019-08-11,2019,08,32
4,11,86,88,2019-08-12,2019,08,33
14,14,154,87,2019-08-13,2019,08,33
15,4,99,86,2019-08-14,2019,08,33
12,5,90,85,2019-08-15,2019,08,33
4,8,68,84,2019-08-16,2019,08,33
14,11,136,83,2019-08-17,2019,08,33
14,9,124,82,2019-08-18,2019,08,33
1,13,83,81,2019-08-19,2019,08,34
10,11,116,80,2019-08-20,2019,08,34
7,7,77,79,2019-08-21,2019,08,34
10,13,128,78,2019-08-22,2019,08,34
15,4,99,77,2019-08-23,2019,08,34
4,2,32,76,2019-08-24,2019,08,34
1,13,83,75,2019-08-25,2019,08,34
13,15,155,74,2019-08-26,2019,08,35
14,5,100,73,2019-08-27,2019,08,35
8,14,124,72,2019-08-28,2019,08,35
5,9,79,71,2019-08-29,2019,08,35
7,9,89,70,2019-08-30,2019,08,35
8,14,124,69,2019-08-31,2019,08,35
14,10,130,68,2019-09-01,2019,09,35
6,9,84,67,2019-09-02,2019,09,36
10,10,110,66,2019-09-03,2019,09,36
9,6,81,65,2019-09-04,2019,09,36
3,5,45,64,2019-09-05,2019,09,36
14,10,130,63,2019-09-06,2019,09,36
3,10,75,62,2019-09-07,2019,09,36
11,14,139,61,2019-09-08,2019,09,36
5,10,85,60,2019-09-09,2019,09,37
3,14,99,59,2019-09-10,2019,09,37
6,4,54,58,2019-09-11,2019,09,37
3,4,39,57,2019-09-12,2019,09,37
10,4,74,56,2019-09-13,2019,09,37
12,11,126,55,2019-09-14,2019,09,37
2,6,46,54,2019-09-15,2019,09,37
4,11,86,53,2019-09-16,2019,09,38
2,1,16,52,2019-09-17,2019,09,38
6,9,84,51,2019-09-18,2019,09,38
13,1,71,50,2019-09-19,2019,09,38
7,12,107,49,2019-09-20,2019,09,38
13,14,149,48,2019-09-21,2019,09,38
6,15,120,47,2019-09-22,2019,09,38
15,1,81,46,2019-09-23,2019,09,39
2,14,94,45,2019-09-24,2019,09,39
2,13,88,44,2019-09-25,2019,09,39
9,12,117,43,2019-09-26,2019,09,39
5,9,79,42,2019-09-27,2019,09,39
13,10,125,41,2019-09-28,2019,09,39
13,12,137,40,2019-09-29,2019,09,39
3,5,45,39,2019-09-30,2019,09,40
3,4,39,38,2019-10-01,2019,10,40
4,14,104,37,2019-10-02,2019,10,40
13,5,95,36,2019-10-03,2019,10,40
14,6,106,35,2019-10-04,2019,10,40
3,6,51,34,2019-10-05,2019,10,40
11,6,91,33,2019-10-06,2019,10,40
11,10,115,32,2019-10-07,2019,10,41
7,14,119,31,2019-10-08,2019,10,41
10,10,110,30,2019-10-09,2019,10,41
14,15,160,29,2019-10-10,2019,10,41
12,3,78,28,2019-10-11,2019,10,41
15,1,81,27,2019-10-12,2019,10,41
1,4,29,26,2019-10-13,2019,10,41
3,13,93,25,2019-10-14,2019,10,42
7,2,47,24,2019-10-15,2019,10,42
13,12,137,23,2019-10-16,2019,10,42
14,5,100,22,2019-10-17,2019,10,42
8,11,106,21,2019-10-18,2019,10,42
8,12,112,20,2019-10-19,2019,10,42
5,8,73,19,2019-10-20,2019,10,42
11,7,97,18,2019-10-21,2019,10,43
5,8,73,17,2019-10-22,2019,10,43
8,13,118,16,2019-10-23,2019,10,43
10,2,62,15,2019-10-24,2019,10,43
14,1,76,14,2019-10-25,2019,10,43
11,10,115,13,2019-10-26,2019,10,43
10,10,110,12,2019-10-27,2019,10,43
11,11,121,11,2019-10-28,2019,10,44
2,4,34,10,2019-10-29,2019,10,44
10,4,74,9,2019-10-30,2019,10,44
5,4,49,8,2019-10-31,2019,10,44
1,1,11,7,2019-11-01,2019,11,44
7,15,125,6,2019-11-02,2019,11,44
2,4,34,5,2019-11-03,2019,11,44
12,12,132,4,2019-11-04,2019,11,45
11,7,97,3,2019-11-05,2019,11,45
11,3,73,2,2019-11-06,2019,11,45
1,8,53,1,2019-11-07,2019,11,45
4,14,104,0,2019-11-08,2019,11,45
